file,player,build,replay,player,build,Spawning Pool,Extractor,Hatchery 1,Hatchery 2,Lair,Spire,Metabolic Boost (Zergling Speed)
-8hrEbfZnuvzzijadB5dCPslUDkR_Xg1tW41Ne--azc.rep,ProGamerMatt,,2179,2321,3090,3103,4292,5940,6650
-8hrEbfZnuvzzijadB5dCPslUDkR_Xg1tW41Ne--azc.rep,mangochaz,,2775,3004,2360,-1,12008,13685,4756
-9fLlv91gu_tCAA4Mlk7twltqR-1eKs0pm0_-L9yK98.rep,TomasPlay,,1823,1890,-1,-1,3146,4719,3597
-9fLlv91gu_tCAA4Mlk7twltqR-1eKs0pm0_-L9yK98.rep,Gandalfin,,1771,1904,-1,-1,3192,4758,3659
-rQyDjMJFow4HKS0_pAqAImFwAU-Y8UTrVFv_6xqQac.rep,west_wind,,1781,1882,4037,-1,-1,-1,3462
-rQyDjMJFow4HKS0_pAqAImFwAU-Y8UTrVFv_6xqQac.rep,ProGamerMatt,,1807,2016,4427,4472,15975,-1,3249
0ZVN1NI6gPEl4JqvrtYqvfln_rM9Pprouet3bH9_zpo.rep,행복스타맨,,1361,5710,4008,14176,10205,12100,9399
0ZVN1NI6gPEl4JqvrtYqvfln_rM9Pprouet3bH9_zpo.rep,비두로기,,1598,1924,4949,7392,7249,8834,3372
1sG0xU9wDb5WfSKR8T2YTRBgcFsAf_uLhSJFlRdMy_k.rep,RMB-Paraco,,2110,2414,4250,4354,5752,7426,3847
2JnC6qM__fd5_FfHiQXfPISv38k_87rG0IARKzacMGc.rep,P[]D,,2528,3655,2137,16734,5195,7220,13593
2JnC6qM__fd5_FfHiQXfPISv38k_87rG0IARKzacMGc.rep,ProGamerMatt,,1834,3580,2965,4802,13960,15500,4836
2wjS6LJHJD5prrdsBkNLVeK42HZGidyBaOmqJEBtBNM.rep,ProGamerMatt,,2819,2967,2458,12290,9504,-1,4399
2wjS6LJHJD5prrdsBkNLVeK42HZGidyBaOmqJEBtBNM.rep,larvafan,,2091,3158,2902,4928,9936,11528,4501
4JcGqEDC5bvaGFdnAJ7TUa8LMr-OUWVHLnNBq0YlQjo.rep,nOm.KilahAce,,3150,4033,2505,3966,5418,7161,5777
5FbT_OsMVQ8TBdAkMyj5blQ0cJvCgbQ4XIR92sd4chU.rep,ProGamerMatt,,1812,1950,7072,7352,3326,4848,-1
5FbT_OsMVQ8TBdAkMyj5blQ0cJvCgbQ4XIR92sd4chU.rep,BSL-dany,,1567,2720,9497,-1,4256,5896,-1
5lMlbMUOZcv67XY3wJpjvssFlkh8po2EZbTWY2Oz1SM.rep,ProGamerMatt,,2069,2302,3302,-1,3806,5456,4348
5lMlbMUOZcv67XY3wJpjvssFlkh8po2EZbTWY2Oz1SM.rep,mangochaz,,2737,3004,2319,13216,4316,5857,9206
6FAr23aL3aaD9dJfA2bbk5Qyk_a_BVZ8plW7gHYAex8.rep,mangochaz,,1770,1907,-1,-1,3398,-1,3906
6FAr23aL3aaD9dJfA2bbk5Qyk_a_BVZ8plW7gHYAex8.rep,testie123,,2765,-1,2301,3901,-1,-1,-1
6FAr23aL3aaD9dJfA2bbk5Qyk_a_BVZ8plW7gHYAex8.rep,limebean,,1850,1983,3014,-1,-1,-1,-1
6ZZQiwP2ZVq3TSXjOmFX_uHGNw8Sr-OKO4iIN6vk_xg.rep,ProGamerMatt,,2812,3355,2528,4398,4758,6473,-1
6ZZQiwP2ZVq3TSXjOmFX_uHGNw8Sr-OKO4iIN6vk_xg.rep,mangochaz,,1766,1936,4753,4782,3244,5350,-1
7B40x7UTndcKNSGrUg46-kwhBTF8bQDqH4ys8K7m99I.rep,ProGamerMatt,,1824,2088,-1,-1,5260,-1,-1
7B40x7UTndcKNSGrUg46-kwhBTF8bQDqH4ys8K7m99I.rep,BSL-dany,,1603,-1,-1,-1,-1,-1,-1
7UFkePak699zTjpovX775WM1RcaW4iXV6qdfoabZE7Q.rep,Spicy,,2519,4187,1872,-1,7141,-1,7288
7UFkePak699zTjpovX775WM1RcaW4iXV6qdfoabZE7Q.rep,행복스타맨,,2137,1596,4993,-1,3926,5563,3411
8_rP7-al61yTq0bLUre_v5jQKHzqNpHUZdah3aU1ohA.rep,ProGamerMatt,,2237,2310,3166,18746,4234,6830,11421
8_rP7-al61yTq0bLUre_v5jQKHzqNpHUZdah3aU1ohA.rep,limebean,,2845,3200,2416,17786,4874,6577,-1
9KCOXhhQ3At1m95D5Aff7bYhRF0zn3Z6E9OXUOcgAcM.rep,ProGamerMatt,,1878,2057,-1,-1,3324,4908,3731
9KCOXhhQ3At1m95D5Aff7bYhRF0zn3Z6E9OXUOcgAcM.rep,Arquimedes.,,1659,2188,-1,-1,3484,5505,4782
9kvJ8ACFYpOKq9Tz9F3BVUxhfJtIo0O1wbDi4tEMoas.rep,ProGamerMatt,,1829,3353,2933,-1,-1,-1,4690
9kvJ8ACFYpOKq9Tz9F3BVUxhfJtIo0O1wbDi4tEMoas.rep,mangochaz,,2045,2341,3508,4052,3556,5275,-1
AwwpJ5WoagluYnRGH9PUjlvn01WSpQf9qYu8uhoKCk8.rep,ProGamerMatt,,2220,2380,3035,15014,6612,8849,13241
AwwpJ5WoagluYnRGH9PUjlvn01WSpQf9qYu8uhoKCk8.rep,mangochaz,,1802,2185,4709,14158,3474,5593,14728
BiHHTjpbhtWZ_Tb-gGdIrNYg-9kO1SJIFa7ZIDg2CBY.rep,Polarity[BGN],,1881,2701,3533,6729,4847,-1,13552
BopJ4Xur6em9KNXCTpmNOhoVsLZU8wPfDozbL69LSTE.rep,행복스타맨,,1381,7498,7380,7461,13340,-1,8998
bRmrYAM5Vsn93T2AXX8mUEbP1G1H2nlDyERPw7HLiRk.rep,Landowner,,1834,2072,6810,-1,3333,5192,4268
bRmrYAM5Vsn93T2AXX8mUEbP1G1H2nlDyERPw7HLiRk.rep,Gandalfin,,2225,3620,3280,3394,10458,12557,6133
c9i7YTLqtu9td5AYzaW16QjEXu3tz4HPWlM7mB3c6ek.rep,TopChop1,,1568,1720,7484,-1,4194,5922,3266
c9i7YTLqtu9td5AYzaW16QjEXu3tz4HPWlM7mB3c6ek.rep,Ucm,,1839,1968,-1,-1,3835,5503,3185
CfsMzDE4pGDy5bWWY14ydRMbtyGJUst-HIHuWvZoYIY.rep,C0CAINEBEAR,,1779,1317,9461,9498,4112,7960,3500
CfsMzDE4pGDy5bWWY14ydRMbtyGJUst-HIHuWvZoYIY.rep,STI__,,2157,2496,3170,10504,8219,9909,4613
cW-TqDIWILtmosTxUqP5MGGmyfhl8Cw8G4RwlrYshv4.rep,TomasPlay,,1573,2069,8146,-1,3520,5765,3985
cW-TqDIWILtmosTxUqP5MGGmyfhl8Cw8G4RwlrYshv4.rep,Gandalfin,,1856,1960,-1,-1,3268,4857,-1
cW85p_8vswW2JIa5YRAQWnOkZnKdIVCDv4-UEVFtBNA.rep,비두로기,,1844,3957,3735,5385,10103,11860,7388
cW85p_8vswW2JIa5YRAQWnOkZnKdIVCDv4-UEVFtBNA.rep,LK99저글링,,1883,8346,3024,4380,-1,-1,-1
cW85p_8vswW2JIa5YRAQWnOkZnKdIVCDv4-UEVFtBNA.rep,킹갓제네럴썬더라,,1941,2384,3139,3457,12360,-1,4427
D5lgmnnZChrldQSUjdNUcBnXnFWoxDNspAn_ZuZ5IFM.rep,ProGamerMatt,,2236,2326,3018,-1,-1,-1,4939
D5lgmnnZChrldQSUjdNUcBnXnFWoxDNspAn_ZuZ5IFM.rep,Death__yell,,1630,1880,4722,4734,-1,-1,3035
D5lgmnnZChrldQSUjdNUcBnXnFWoxDNspAn_ZuZ5IFM.rep,mangochaz,,2811,2926,2406,-1,4178,6371,-1
dnXQicAQStsmI0NvUlr_G_peeHtPUtLkZpF7-jSAKxQ.rep,llIlIlll,,2043,2322,3212,-1,-1,-1,3535
dnXQicAQStsmI0NvUlr_G_peeHtPUtLkZpF7-jSAKxQ.rep,GongBiao,,1821,1926,5811,-1,3202,4785,-1
DtYzB5Is_Obh20B_wQU7f6rgmwUOUdTuXtfpUY7n0E0.rep,Gandalfin,,1853,1934,-1,-1,3223,4781,-1
DtYzB5Is_Obh20B_wQU7f6rgmwUOUdTuXtfpUY7n0E0.rep,bsmurf,,2922,2177,2477,5835,9052,12516,6538
duoRbjAGxKrPveTYiyL32Zd48DDEyYVnPh1bI2d3g9s.rep,mustangas,,2203,2353,4961,11464,3776,5942,-1
duoRbjAGxKrPveTYiyL32Zd48DDEyYVnPh1bI2d3g9s.rep,ZouLslayer(NOR),,2786,2987,2471,-1,-1,-1,5406
duoRbjAGxKrPveTYiyL32Zd48DDEyYVnPh1bI2d3g9s.rep,Frank[DUX],,2194,2295,3204,3224,4015,5644,-1
eA6UQhEniZUVXJmWIKYjgBW3pGuQD4QXXYDZqb5Ya5M.rep,terS,,2352,2377,4597,4675,3655,5536,4099
eA6UQhEniZUVXJmWIKYjgBW3pGuQD4QXXYDZqb5Ya5M.rep,BissCayne,,2048,3068,2967,-1,4373,6466,-1
EHwiGjLLEsXUcTsqwa8ql0OEuDTr67c0FhkEWWhEO8g.rep,ProGamerMatt,,1334,5054,3649,-1,-1,-1,6600
Em5riK65_OlqNOPCnXm_ZHTcXXkBGmjKmwdEl4UM1KI.rep,spling,,1544,1892,4761,-1,6926,8506,3183
Em5riK65_OlqNOPCnXm_ZHTcXXkBGmjKmwdEl4UM1KI.rep,TomasPlay,,2752,2971,2294,-1,4195,5958,-1
Em5riK65_OlqNOPCnXm_ZHTcXXkBGmjKmwdEl4UM1KI.rep,Probal,,1552,1852,4234,-1,11421,-1,3088
eRrUGYWqkGYduUGxBPhsQakYCl9ykH6vvXKmawlE_WU.rep,BSL-andy,,1794,1929,-1,-1,3496,5423,-1
eRrUGYWqkGYduUGxBPhsQakYCl9ykH6vvXKmawlE_WU.rep,Vxtory,,2210,3222,3066,4124,-1,-1,4572
eRrUGYWqkGYduUGxBPhsQakYCl9ykH6vvXKmawlE_WU.rep,Probal,,1551,1874,-1,-1,3918,5525,3194
eVLdwky-9qhNGi_1CcA_DpDrmkF-EGoRHxPRHAcb2TM.rep,Spicy,,2441,4596,1814,4456,9530,-1,16875
eVLdwky-9qhNGi_1CcA_DpDrmkF-EGoRHxPRHAcb2TM.rep,행복스타맨,,1847,5160,3080,4107,6513,8593,10229
EZdXQAxEiRmZM0CBp23FDnw84-qYPk-5UTZ73qaLt80.rep,ProGamerMatt,,967,-1,-1,-1,-1,-1,-1
EZdXQAxEiRmZM0CBp23FDnw84-qYPk-5UTZ73qaLt80.rep,mangochaz,,1557,1829,-1,-1,-1,-1,3098
f23ObAs1CdnBGAXIqRGuF3zaBWa_rP19SMu29u5eOvQ.rep,newbb,,2812,4557,2438,3792,-1,-1,-1
f23ObAs1CdnBGAXIqRGuF3zaBWa_rP19SMu29u5eOvQ.rep,Michael_Faraday,,1579,3819,3651,-1,-1,-1,5444
faEeKPUd3ALwbNA39lKvqKn-Gm0C2gfIXwtnQ7yBv6I.rep,행복스타맨,,1369,12704,4114,15106,19554,22395,19572
fJlkfnx8YE7UosRXVvSHHB_xeNCq1niSE98YSS-70Ns.rep,TomasPlay,,1590,2072,-1,-1,3319,5347,-1
fJlkfnx8YE7UosRXVvSHHB_xeNCq1niSE98YSS-70Ns.rep,Gandalfin,,1597,1869,-1,-1,3805,5499,3116
FNbpVtkAbpE3c9zbYgL0h6WG2itmQU6OVK4JJ85jgyU.rep,ZouLslayer(NOR),,2715,2885,2261,5806,12425,-1,4216
gDDZl9IgNFgAEA0l3U4LdFR4yrmvmxygWn4B-a8j6og.rep,ZouLslayer(NOR),,2251,2811,2987,4808,6779,-1,-1
GsCS5VIrJEK_uNufSEVmly4jyLllFKZYjcVnqrgJTHY.rep,LK99저글링,,2292,1537,3249,9307,13341,15503,4079
GsCS5VIrJEK_uNufSEVmly4jyLllFKZYjcVnqrgJTHY.rep,킹갓제네럴썬더라,,1663,1866,4944,11507,17778,19507,3127
HEj_QWy6vlnGoyisOrwrfZ5kGoXqJioOIHP_2rTLOW0.rep,ProGamerMatt,,2307,2518,3333,3346,4011,5568,-1
HEj_QWy6vlnGoyisOrwrfZ5kGoXqJioOIHP_2rTLOW0.rep,mangochaz,,2176,2987,2862,-1,-1,-1,4173
Heqjk7T97-AcCSzS8WQnOuqZ4wFhwhSd1f9oG9yq7w0.rep,TomasPlay,,2127,2954,2857,17313,10577,12276,4286
Heqjk7T97-AcCSzS8WQnOuqZ4wFhwhSd1f9oG9yq7w0.rep,Gandalfin,,1850,2041,3841,18069,5152,6869,3299
hJl7Sa9UEJx99Y4AN5297DnSaPXPC9EhgatyS1_oGUc.rep,Spicy,,1696,3475,2745,6085,9348,-1,-1
hJl7Sa9UEJx99Y4AN5297DnSaPXPC9EhgatyS1_oGUc.rep,행복스타맨,,1880,2597,3773,8286,14587,-1,4059
I0vJUFmUbM_5MOL_h7qaZcW2lHLF6BsAq12BTgbne4A.rep,TomasPlay,,1618,1704,7756,-1,3825,-1,3101
I0vJUFmUbM_5MOL_h7qaZcW2lHLF6BsAq12BTgbne4A.rep,Gandalfin,,1837,1938,6494,9744,3240,5084,-1
I0vJUFmUbM_5MOL_h7qaZcW2lHLF6BsAq12BTgbne4A.rep,wantsumfuk,,2494,1298,2026,5153,-1,-1,7749
i63LjnOq6MUC7UaN_ATc6kfqlqHcN879x3MHaRHPme4.rep,행복스타맨,,1330,6744,4036,7177,-1,-1,10134
i63LjnOq6MUC7UaN_ATc6kfqlqHcN879x3MHaRHPme4.rep,킹갓제네럴썬더라,,2642,5233,2057,7291,-1,-1,-1
IhT8Ho8HHGNLH8oHLt-IhfYw5E1KnHNqVTwvytp0ziw.rep,킹갓제네럴썬더라,,1742,2387,3198,-1,-1,-1,-1
IhT8Ho8HHGNLH8oHLt-IhfYw5E1KnHNqVTwvytp0ziw.rep,행복스타맨,,1341,-1,-1,-1,-1,-1,-1
IhT8Ho8HHGNLH8oHLt-IhfYw5E1KnHNqVTwvytp0ziw.rep,비두로기,,1628,1898,-1,-1,-1,-1,3177
IQsI0TlPqbBPfSxwr-4-ob1ZXTLG2dAilQk4F1-67kU.rep,Ikz,,2844,3236,2423,10686,5028,6732,24257
IyqW78yjdygzbfGPI2Uw_wUtpStqqmjMlPbl0j1Y7vg.rep,TerraHydraCanno,,1538,1777,4103,10765,-1,-1,2954
IyqW78yjdygzbfGPI2Uw_wUtpStqqmjMlPbl0j1Y7vg.rep,MilIe-FeuilIe,,4060,3478,2357,3362,9046,-1,-1
jy4eCSOYqkLBgbEKZP0WeePj8ZmiKPDwWdTxeoqlsk4.rep,Death__yell,,1606,1865,4833,-1,-1,-1,3086
jy4eCSOYqkLBgbEKZP0WeePj8ZmiKPDwWdTxeoqlsk4.rep,ProGamerMatt,,1856,2020,4229,4241,-1,-1,3317
jy4eCSOYqkLBgbEKZP0WeePj8ZmiKPDwWdTxeoqlsk4.rep,mangochaz,,2173,2263,4615,-1,3612,-1,5035
keDGrEyCUxsG4TOFEKvwY3iYfCbR5HOnZGrr8J7Tggg.rep,ProGamerMatt,,1815,2229,7187,7493,3499,5052,4173
keDGrEyCUxsG4TOFEKvwY3iYfCbR5HOnZGrr8J7Tggg.rep,IlllIIIIIII,,1827,2333,3559,3721,5462,-1,4139
kjdKFr3d4FNKQl4MArFoo-_tj6zA3CpGOLXktpRRowk.rep,BSL-andy,,1770,1875,-1,-1,3133,4697,-1
kjdKFr3d4FNKQl4MArFoo-_tj6zA3CpGOLXktpRRowk.rep,Vxtory,,1792,1931,-1,-1,3223,4796,3673
kjdKFr3d4FNKQl4MArFoo-_tj6zA3CpGOLXktpRRowk.rep,gamvit,,1578,1752,7688,7764,3332,4875,3586
kkev1e5tYfEuuzMFqzKiIDoS0u0sCpj6sXdoIcz_Xcw.rep,ProGamerMatt,,1843,1972,4168,4183,-1,-1,3159
kkev1e5tYfEuuzMFqzKiIDoS0u0sCpj6sXdoIcz_Xcw.rep,limebean,,2880,2982,2450,-1,-1,-1,5279
kQVDSyN-b9thHOUTiBYvpPxuBB2n73oYXZIcv2Vr4RY.rep,TopChop1,,1838,2212,4194,5377,10672,-1,3471
kQVDSyN-b9thHOUTiBYvpPxuBB2n73oYXZIcv2Vr4RY.rep,Gandalfin,,2959,3993,2480,3857,-1,-1,-1
kRs_tjbVCMbpr0nsT_XQI0CzTYS3g6Bn3HPoMhxOh_U.rep,TomasPlay,,1804,2971,2862,-1,-1,-1,4270
kRs_tjbVCMbpr0nsT_XQI0CzTYS3g6Bn3HPoMhxOh_U.rep,Gandalfin,,1834,1932,5519,-1,3249,4875,-1
lyo7XWtD1owfSyAWRBUR9fi0ZZjLEGvFUjT0LtXuxns.rep,TomasPlay,,1929,2058,-1,-1,3460,5014,3777
lyo7XWtD1owfSyAWRBUR9fi0ZZjLEGvFUjT0LtXuxns.rep,bsmurf,,2197,3106,2932,-1,-1,-1,4560
MclK_wrs-9L5IY7tKID_l4SXBXAbStQ9FU4g_uN9VlM.rep,Polarity[BGN],,1925,3699,3377,5336,7365,15967,6923
MclK_wrs-9L5IY7tKID_l4SXBXAbStQ9FU4g_uN9VlM.rep,nOm.KilahAce,,1809,4594,3058,4267,5947,7765,6644
mlacZ7oxJfpebkEXrUaCv6xBU30VeN9h2uB-aIQZX_o.rep,ETA,,1885,3464,3095,5027,4968,8023,16468
mlacZ7oxJfpebkEXrUaCv6xBU30VeN9h2uB-aIQZX_o.rep,킹갓제네럴썬더라,,2767,3768,2131,11660,6740,9011,20564
nO2PgP5bdAaZYihnmaoqaAY8egDuUsTdRmCkn6d-kNU.rep,MX MASTER 3S,,1386,4843,5482,14566,7867,9400,14830
NS7pyKOOlN1bCNz3x7tESYLHLw9FHHyZAPPq1FAgL6k.rep,행복스타맨,,1336,4582,3760,-1,-1,-1,7998
Oa-DQddEpvLFBPkrZfoLRNbOif5VyI8-a1risZCNlYU.rep,행복스타맨,,2794,1589,2342,5973,8893,10522,10811
Oa-DQddEpvLFBPkrZfoLRNbOif5VyI8-a1risZCNlYU.rep,비두로기,,1606,1908,5009,5765,6780,-1,3193
oTcoA8EYJ_dz0G2C_4axnAu9vunMp6Zs4ANuq4Uayno.rep,킹갓제네럴썬더라,,1745,2200,3758,6064,11005,12526,7368
oTcoA8EYJ_dz0G2C_4axnAu9vunMp6Zs4ANuq4Uayno.rep,행복스타맨,,2199,1235,-1,-1,3449,4978,-1
P-H2FSmH0ErApa6WxFj7ysZLrqeeN5g-E8flEXgxoXg.rep,킹갓제네럴썬더라,,1883,2377,3317,-1,4363,6606,5606
P-H2FSmH0ErApa6WxFj7ysZLrqeeN5g-E8flEXgxoXg.rep,행복스타맨,,2954,1346,2511,2651,4914,-1,7680
pd7_bAQuuaNeqG-anWpzmq7xoz1wpj32pZhXhvtPxJI.rep,행복스타맨,,3034,1638,3002,5768,4840,6465,5274
PK4kOHrFg9BUW8AI5QPA5G6VxGm0hYdeASLtnWbUBp4.rep,ProGamerMatt,,2050,2168,3197,3209,4377,6097,6699
PK4kOHrFg9BUW8AI5QPA5G6VxGm0hYdeASLtnWbUBp4.rep,limebean,,2955,3166,2513,-1,-1,-1,-1
pOXcVdr7w9Ie-49qljFdJwUi9t8pM_pkNqh_lsfxhyA.rep,행복스타맨,,1858,5098,3031,7258,7449,8972,7830
pOXcVdr7w9Ie-49qljFdJwUi9t8pM_pkNqh_lsfxhyA.rep,킹갓제네럴썬더라,,1859,4692,3649,3939,7622,9443,12878
PqMUZVZCuXsCIHZjb79mOJg3Ypy9cpGLNf9QbgN-RqE.rep,킹갓제네럴썬더라,,1886,2200,3868,5484,-1,-1,3589
PqMUZVZCuXsCIHZjb79mOJg3Ypy9cpGLNf9QbgN-RqE.rep,행복스타맨,,2428,3801,3229,3487,8241,9802,5692
PwYCNpCwq-aPIJklbUNy4ne8U91do0QFdMACD-0mUQw.rep,ProGamerMatt,,2853,3198,2430,11433,5718,7317,4365
PzFB-VA15xwcqG-BmVKxBYfNdQPxQgKeAFTjzXPli9U.rep,행복스타맨,,2209,1591,3168,4840,15859,32203,7268
PzFB-VA15xwcqG-BmVKxBYfNdQPxQgKeAFTjzXPli9U.rep,코딱지,,1870,2168,6224,9878,9468,31365,3959
Q7RfUR2zyh4HaYIrU-OT3pjney4FPiL-iKXpUiTAHZs.rep,TomasPlay,,2862,2901,2276,21691,8497,11408,4347
QIwOIIR23m-9i2aIvWx-VaFgPC1oO-ITR54B1GBS6wU.rep,LK99저글링,,2902,3982,2462,6423,5389,7132,5808
qOIwDquiWTB3OrNDBeaYzZT9u-P1PBHML7un9OAvcIU.rep,ProGamerMatt,,1827,2101,3792,3892,8861,10383,-1
qOIwDquiWTB3OrNDBeaYzZT9u-P1PBHML7un9OAvcIU.rep,BSL-dany,,1540,6316,6845,11882,8011,9740,-1
Qrtawd5d2J2me7HwjZtlhCt-Os2LW8EXyVQ_Vw_a6Ok.rep,Megash1983,,2901,2933,2517,-1,-1,-1,-1
QXBxkVAdObLDwmW-yR6vsCYvg7lfY8lyvSLjqDZHisc.rep,LK99저글링,,3105,1360,2959,3029,4560,9576,8500
QYfqmjkuls66t-_c5DXneSXjxcULAQf5mHaYLsU6wwA.rep,ProGamerMatt,,2885,3008,2481,-1,4260,6160,4879
RnG1D_8QMeXoSAJKUY17kuK7BSh4HZ0AYr6hKfz0H78.rep,nOm.viletomato,,1818,4680,3534,4104,6728,-1,12635
RQnQ-6Dl2px47mo0zC1SP6ClmEhHDCQT4CPxrtKy7Ac.rep,ProGamerMatt,,2037,2333,3792,-1,9548,11392,3547
RQnQ-6Dl2px47mo0zC1SP6ClmEhHDCQT4CPxrtKy7Ac.rep,probewithadream,,2115,2976,2931,5223,10077,-1,4253
RQnQ-6Dl2px47mo0zC1SP6ClmEhHDCQT4CPxrtKy7Ac.rep,mangochaz,,2103,2185,4534,4620,3411,5828,4767
RtNtZgHsDAp_AbhH5MCC-qKynSaoNiPJnIrSVqhJ7ww.rep,ProGamerMatt,,1856,3183,2969,2999,4469,5991,12462
RtNtZgHsDAp_AbhH5MCC-qKynSaoNiPJnIrSVqhJ7ww.rep,mangochaz,,1805,2030,3379,3402,3824,5457,-1
S3QF8kefp6nasrod6XLzbtx9Kql9Wn4AnFWV2IWBbH0.rep,Gandalfin,,1538,1804,4215,-1,7874,9423,3112
S3QF8kefp6nasrod6XLzbtx9Kql9Wn4AnFWV2IWBbH0.rep,STI__,,2785,3691,2340,-1,-1,-1,-1
S70jloMGt2DpBq_MhHWxg8qRDF4b7iqCZQZyuurjJzw.rep,ProGamerMatt,,2288,2312,3202,3217,3954,5738,-1
S70jloMGt2DpBq_MhHWxg8qRDF4b7iqCZQZyuurjJzw.rep,St0ry,,2198,2324,3183,-1,4027,6233,-1
SBIB6-I9EaVZMar_YodnbBettjPeAG4X85ML1CYcVr0.rep,킹갓제네럴썬더라,,2151,3723,2958,4864,6496,8527,-1
sIVLynJYLKYJG3vQsEMPCxBwsIgbxdI9DfY25I2QFaM.rep,행복스타맨,,1323,4992,5666,7256,6562,8615,7152
sIVLynJYLKYJG3vQsEMPCxBwsIgbxdI9DfY25I2QFaM.rep,비두로기,,1587,1896,4182,-1,-1,-1,3196
t0Mt2nmgQgQT3AgEthsDUKFUFGLm2gHM_Jv3OCQYaY8.rep,mangochaz,,2817,3057,2375,6975,4299,5843,21925
t0Mt2nmgQgQT3AgEthsDUKFUFGLm2gHM_Jv3OCQYaY8.rep,iCe,,1778,1924,4182,14066,9677,-1,3323
TVPaSqm78IRGgihOdnjJ0esTAqRR9SUkVIYcxI9-e8U.rep,ProGamerMatt,,1856,2130,4248,4260,3397,5177,9099
TVPaSqm78IRGgihOdnjJ0esTAqRR9SUkVIYcxI9-e8U.rep,mangochaz,,2202,2346,4802,-1,3692,5520,-1
tzi3VMnI5yXImoeqkvzMBkFsdlpNRan7DzVPn88GdmI.rep,TomasPlay,,1835,1944,-1,-1,3243,4787,3793
tzi3VMnI5yXImoeqkvzMBkFsdlpNRan7DzVPn88GdmI.rep,ViRry[ReV],,2176,2432,3063,-1,4451,-1,3795
u4_1E8OXe_Cp5JY2XPDqyEgG7mUdnihrio0E_hVE88s.rep,ProGamerMatt,,2154,2372,3090,-1,5718,-1,5255
u4_1E8OXe_Cp5JY2XPDqyEgG7mUdnihrio0E_hVE88s.rep,mangochaz,,1810,2113,4688,-1,3324,4966,-1
UHBpa3VZ8MQCcNcCchRkQaMxwEylVwW9jzvrw5rjzA4.rep,킹갓제네럴썬더라,,2824,3690,2441,5110,5292,7282,11716
UWAn8wkMrg2KvuQZ9_oFkqhJRcM5543-XOD5DJ15gSg.rep,abcdefu123,,1557,1846,-1,-1,3916,5576,3113
UWAn8wkMrg2KvuQZ9_oFkqhJRcM5543-XOD5DJ15gSg.rep,ProGamerMatt,,1591,1763,4556,4573,-1,-1,3095
UX-zNCYz8q77LMqe7wWIuyaXWh_b2qg5GQUjACgzpLQ.rep,TomasPlay,,1965,2017,4085,-1,6405,8274,3490
v2kIcr9XglfrokmXWs2J-U2PumVoTSb6Psbriibzozo.rep,A]StYm,,2365,1810,3486,11822,3821,5410,-1
v2kIcr9XglfrokmXWs2J-U2PumVoTSb6Psbriibzozo.rep,ProGamerMatt,,2157,2251,3384,14408,4226,5784,11858
vewsrd9D7krh_rjPlVBlNWKN-N48LWc7V7iTdQn_iZM.rep,ProGamerMatt,,2140,2481,3409,3421,3809,5374,4263
vewsrd9D7krh_rjPlVBlNWKN-N48LWc7V7iTdQn_iZM.rep,mangochaz,,2300,2208,3355,3438,3659,5682,4481
vg1YbTZWFyLUH3PAyAKVFTYePJc3budRZbW8LboXiu0.rep,TomasPlay,,1917,3198,3048,3139,4509,6159,4914
vg1YbTZWFyLUH3PAyAKVFTYePJc3budRZbW8LboXiu0.rep,TerraHydraCanno,,2033,2163,3151,3210,4752,6275,-1
VkIcHDubUz3MVT-dEI7_keAENG7Xm7mpsaQih0OPFkQ.rep,ProGamerMatt,,2103,2137,3334,3350,4176,5738,8876
VkIcHDubUz3MVT-dEI7_keAENG7Xm7mpsaQih0OPFkQ.rep,mangochaz,,2117,2316,3408,12768,3556,5270,4712
VoSZdV4Y28x_q4j5HbGMk3_bTdMYIDjXyLh45krqW7w.rep,ETA,,2496,4243,1819,-1,6225,-1,-1
VoSZdV4Y28x_q4j5HbGMk3_bTdMYIDjXyLh45krqW7w.rep,킹갓제네럴썬더라,,1839,3473,3224,7447,-1,-1,5550
vR55WH8NIYKy3y0jUJiObYxcVDulHypOVUwKkWsy6l8.rep,bolaco,,2920,4026,2399,3828,8363,-1,6692
vR55WH8NIYKy3y0jUJiObYxcVDulHypOVUwKkWsy6l8.rep,gamvit,,1518,1855,3808,-1,14837,-1,3161
VUgEsqfCJf_mJ-MwzfkvyIA0tT8_cG6xYObdEN-7YEw.rep,킹갓제네럴썬더라,,1828,2136,4087,6417,5569,-1,3885
wFeUWGQx7IOKjnvyIQnxn_03mSpStY0BX197Vj3mwNA.rep,TomasPlay,,1822,1917,6935,-1,3301,4898,3685
wFeUWGQx7IOKjnvyIQnxn_03mSpStY0BX197Vj3mwNA.rep,ZouLslayer(NOR),,2770,2987,2371,-1,-1,-1,4801
WHNqNXC3HeUzHr8DGos9dGMMAJxZijv8wht8nO5yIzM.rep,행복스타맨,,3210,5990,2114,4764,7354,-1,7999
WSET05pL9s8M9eVTOi8W2aXXAAvD8qcLYc1AjymI51E.rep,행복스타맨,,1801,2232,4023,5178,-1,-1,3225
xKXwjehOz0FnDEH3nC5eJcZbCc15ZYTXI-t6xwcSEBA.rep,행복스타맨,,1316,2985,5879,-1,5150,8964,6585
xKXwjehOz0FnDEH3nC5eJcZbCc15ZYTXI-t6xwcSEBA.rep,아싸오늘금요일,,1600,1897,5574,7687,-1,-1,3207
xnBony-3DN1DqyhHLzgu5UEcNgGquh2mkfTpvDo06FQ.rep,ProGamerMatt,,1819,3323,2925,-1,-1,-1,4612
xnBony-3DN1DqyhHLzgu5UEcNgGquh2mkfTpvDo06FQ.rep,limebean,,1582,1885,-1,-1,3192,4745,-1
xy-s6Av9w7LvvjNx0vx0FPgwrmwtLuaC_RqZokIvUz8.rep,mangochaz,,2384,2739,2947,2976,6709,8475,5527
Y4QPkphMJ7pjb5rGdogAUEjnRily2pNfyAM1UrxkAHo.rep,probewithadream,,2045,3086,2938,-1,-1,-1,4399
Y4QPkphMJ7pjb5rGdogAUEjnRily2pNfyAM1UrxkAHo.rep,mG[Fast],,2722,3607,2343,3896,-1,-1,5061
Y4QPkphMJ7pjb5rGdogAUEjnRily2pNfyAM1UrxkAHo.rep,mangochaz,,1792,1935,-1,-1,3454,4976,4263
yspzDrSXdaUdWbuxt9-aivPLzrflC4fGVZAfw9eIou8.rep,행복스타맨,,1450,2926,-1,-1,5326,7875,6783
yspzDrSXdaUdWbuxt9-aivPLzrflC4fGVZAfw9eIou8.rep,코딱지,,1581,1886,5486,5769,-1,-1,3292
ytcJQcVPUo4JW8Ig43cQEm1qUJ6P6gAorYySf4hcnSo.rep,ProGamerMatt,,2162,7932,9019,17211,9808,11329,11450
ytcJQcVPUo4JW8Ig43cQEm1qUJ6P6gAorYySf4hcnSo.rep,BSL-dany,,1516,5763,6611,6621,7048,8616,11077
YUFkytxDBEePkAqURhPVIQc2_j-yANXDTvlWly4kPqQ.rep,BlackHand,,1830,1948,5983,5994,3316,4840,4440
YUFkytxDBEePkAqURhPVIQc2_j-yANXDTvlWly4kPqQ.rep,ZZZero,,1786,2046,3682,14524,3326,10026,3597
z4-bwsXiV3tIv5HGb3Bsxj15PknSyeM_oaa-HYilDAI.rep,행복스타맨,,2105,1339,4547,6688,5917,11621,3418
z4-bwsXiV3tIv5HGb3Bsxj15PknSyeM_oaa-HYilDAI.rep,킹갓제네럴썬더라,,1877,3842,3428,5154,6093,-1,-1
ZIhH835Nc0ZA621-1V-cNtASkQd-A5BBer5kqoJxl04.rep,mangochaz,,2199,2323,3434,5485,9346,16162,4745
Ztqn5-EHd9SpH4JnROI6-2XQBMc4xivk1nte4jCmlQI.rep,julyzergisgone,,1630,1922,5127,11904,4182,5708,3079
Ztqn5-EHd9SpH4JnROI6-2XQBMc4xivk1nte4jCmlQI.rep,Gandalfin,,2834,3970,2462,3850,8811,-1,-1
ZuaqYdIWXoGVzIjwIfQgCQWSAI0w4kGZ3jdA80AE08I.rep,TomasPlay,,1788,1889,3813,-1,5272,6793,3246
ZY-iPP_uWidqFoQvG03J9Pd3ESR_WxbWAB8ILNAyTdM.rep,비두로기,,3009,3264,2481,4616,10490,12241,-1
ZY3_BfJqcePdANSTqEi0VZ_VivqKsIprUp_ggE1Rcz8.rep,RMB-Paraco,,2865,3011,2341,7932,9876,-1,5503
